Surname;Embarked
Braund;S
Cumings;C
Heikkinen;S
Futrelle;S
Allen;S
Moran;Q
McCarthy;S
Palsson;S
Johnson;S
Nasser;C
Sandstrom;S
Bonnell;S
Saundercock;S
Andersson;S
Vestrom;S
Hewlett;S
Rice;Q
Williams;S
Vander_Planke;S
Masselmani;C
Fynney;S
Beesley;S
McGowan;Q
Sloper;S
Palsson;S
Asplund;S
Emir;C
Fortune;S
O'Dwyer;Q
Todoroff;S
Uruchurtu;C
Spencer;C
Glynn;Q
Wheadon;S
Meyer;C
Holverson;S
Mamee;C
Cann;S
Vander_Planke;S
Nicola-Yarred;C
Ahlin;S
Turpin;S
Kraeff;C
Laroche;C
Devaney;Q
Rogers;S
Lennon;Q
O'Driscoll;Q
Samaan;C
Arnold-Franchi;S
Panula;S
Nosworthy;S
Harper;C
Faunthorpe;S
Ostby;C
Woolner;S
Rugg;S
Novel;C
West;S
Goodwin;S
Sirayanian;C
Icard;
Harris;S
Skoog;S
Stewart;C
Moubarek;C
Nye;S
Crease;S
Andersson;S
Kink;S
Jenkin;S
Goodwin;S
Hood;S
Chronopoulos;C
Bing;S
Moen;S
Staneff;S
Moutal;S
Caldwell;S
Dowdell;S
Waelens;S
Sheerlinck;S
McDermott;Q
Carrau;S
Ilett;S
Backstrom;S
Ford;S
Slocovski;S
Fortune;S
Celotti;S
Christmann;S
Andreasson;S
Chaffee;S
Dean;S
Coxon;S
Shorney;S
Goldschmidt;C
Greenfield;C
Doling;S
Kantor;S
Petranec;S
Petroff;S
White;S
Johansson;S
Gustafsson;S
Mionoff;S
Salkjelsvik;S
Moss;S
Rekic;S
Moran;Q
Porter;S
Zabour;C
Barton;S
Jussila;S
Attalah;C
Pekoniemi;S
Connors;Q
Turpin;S
Baxter;C
Andersson;S
Hickman;S
Moore;S
Nasser;C
Webber;S
White;S
Nicola-Yarred;C
McMahon;Q
Madsen;S
Peter;C
Ekstrom;S
Drazenoic;C
Coelho;S
Robins;S
Weisz;S
Sobey;S
Richard;C
Newsom;S
Futrelle;S
Osen;S
Giglio;C
Boulos;C
Nysten;S
Hakkarainen;S
Burke;Q
Andrew;S
Nicholls;S
Andersson;S
Ford;S
Navratil;S
Byles;S
Bateman;S
Pears;S
Meo;S
van_Billiard;S
Olsen;S
Williams;C
Gilnagh;Q
Corn;S
Smiljanic;S
Sage;S
Cribb;S
Watt;S
Bengtsson;S
Calic;S
Panula;S
Goldsmith;S
Chibnall;S
Skoog;S
Baumann;S
Ling;S
Van_der_hoef;S
Rice;Q
Johnson;S
Sivola;S
Smith;C
Klasen;S
Lefebre;S
Isham;C
Hale;S
Leonard;S
Sage;S
Pernot;C
Asplund;S
Becker;S
Kink-Heilmann;S
Rood;S
O'Brien;Q
Romaine;S
Bourke;Q
Turcin;S
Pinsky;S
Carbines;S
Andersen-Jensen;S
Navratil;S
Brown;C
Lurette;C
Mernagh;Q
Olsen;S
Madigan;Q
Yrois;S
Vande_Walle;S
Sage;S
Johanson;S
Youseff;C
Cohen;S
Strom;S
Backstrom;S
Albimona;C
Carr;Q
Blank;C
Ali;S
Cameron;S
Perkin;S
Givard;S
Kiernan;Q
Newell;C
Honkanen;S
Jacobsohn;S
Bazzani;C
Harris;S
Sunderland;S
Bracken;S
Green;S
Nenkoff;S
Hoyt;S
Berglund;S
Mellors;S
Lovell;S
Fahlstrom;S
Lefebre;S
Harris;S
Larsson;S
Sjostedt;S
Asplund;S
Leyson;S
Harknett;S
Hold;S
Collyer;S
Pengelly;S
Hunt;S
Zabour;C
Murphy;Q
Coleridge;S
Maenpaa;S
Attalah;C
Minahan;Q
Lindahl;S
Hamalainen;S
Beckwith;S
Carter;S
Reed;S
Strom;S
Stead;S
Lobb;S
Rosblom;S
Touma;C
Thorne;C
Cherry;S
Ward;C
Parrish;S
Smith;Q
Asplund;S
Taussig;S
Harrison;S
Henry;Q
Reeves;S
Panula;S
Persson;S
Graham;S
Bissette;S
Cairns;S
Tornquist;S
Mellinger;S
Natsch;C
Healy;Q
Andrews;S
Lindblom;S
Parkes;S
Rice;Q
Abbott;S
Duane;Q
Olsson;S
de_Pelsmaeker;S
Dorking;S
Smith;S
Stankovic;C
de_Mulder;S
Naidenoff;S
Hosono;S
Connolly;Q
Barber;S
Bishop;C
Levy;C
Haas;S
Mineff;S
Lewy;C
Hanna;C
Allison;S
Saalfeld;S
Baxter;C
Kelly;Q
McCoy;Q
Johnson;S
Keane;Q
Williams;S
Allison;S
Fleming;C
Penasco_y_Castellana;C
Abelson;C
Francatelli;C
Hays;C
Ryerson;C
Lahtinen;S
Hendekovic;S
Hart;S
Nilsson;S
Kantor;S
Moraweck;S
Wick;S
Spedden;C
Dennis;S
Danoff;S
Slayter;Q
Caldwell;S
Sage;S
Young;C
Nysveen;S
Ball;S
Goldsmith;S
Hippach;C
McCoy;Q
Partner;S
Graham;S
Vander_Planke;S
Frauenthal;S
Denkoff;S
Pears;S
Burns;C
Dahl;S
Blackwell;S
Navratil;S
Fortune;S
Collander;S
Sedgwick;S
Fox;S
Brown;S
Smith;S
Davison;S
Coutts;S
Dimic;S
Odahl;S
Williams-Lambert;S
Elias;C
Arnold-Franchi;S
Yousif;C
Vanden_Steen;S
Bowerman;S
Funk;S
McGovern;Q
Mockler;Q
Skoog;S
del_Carlo;C
Barbara;C
Asim;S
O'Brien;Q
Adahl;S
Warren;C
Moussa;C
Jermyn;Q
Aubart;C
Harder;C
Wiklund;S
Beavan;S
Ringhini;C
Palsson;S
Meyer;C
Landergren;S
Widener;C
Betros;C
Gustafsson;S
Bidois;C
Nakid;C
Tikkanen;S
Holverson;S
Plotcharsky;S
Davies;S
Goodwin;S
Buss;S
Sadlier;Q
Lehmann;C
Carter;S
Jansson;S
Gustafsson;S
Newell;C
Sandstrom;S
Johansson;S
Olsson;S
McKane;S
Pain;S
Trout;S
Niskanen;S
Adams;S
Jussila;S
Hakkarainen;S
Oreskovic;S
Gale;S
Widegren;S
Richards;S
Birkeland;S
Lefebre;S
Sdycoff;S
Hart;Q
Minahan;Q
Cunningham;S
Sundman;S
Meek;S
Drew;S
Silven;S
Matthews;S
Van_Impe;S
Gheorgheff;C
Charters;Q
Zimmerman;S
Danbom;S
Rosblom;S
Wiseman;S
Clarke;S
Phillips;S
Flynn;Q
Pickard;S
Bjornstrom-Steffansson;S
Thorneycroft;S
Louch;S
Kallio;S
Silvey;S
Carter;S
Ford;S
Richards;S
Fortune;S
Kvillner;S
Hart;S
Hampe;S
Petterson;S
Reynaldo;S
Johannesen-Bratthammer;S
Dodge;S
Mellinger;S
Seward;S
Baclini;C
Peuchen;S
West;S
Hagland;S
Foreman;C
Goldenberg;C
Peduzzi;S
Jalsevac;C
Millet;S
Kenyon;S
Toomey;S
O'Connor;Q
Anderson;S
Morley;S
Gee;S
Milling;S
Maisner;S
Goncalves;S
Campbell;S
Smart;S
Scanlan;Q
Baclini;C
Keefe;S
Cacic;S
West;S
Jerwan;C
Strandberg;S
Clifford;S
Renouf;S
Braund;S
Karlsson;S
Hirvonen;S
Goodwin;S
Frost;S
Rouse;S
Turkula;S
Bishop;C
Lefebre;S
Hoyt;S
Kent;C
Somerton;S
Coutts;S
Hagland;S
Windelov;S
Molson;S
Artagaveytia;C
Stanley;S
Yousseff;C
Eustis;C
Shellard;S
Allison;S
Svensson;S
Calic;S
Canavan;Q
O'Sullivan;Q
Laitinen;S
Maioni;S
Penasco_y_Castellana;C
Quick;S
Bradley;S
Olsen;S
Lang;S
Daly;Q
Webber;S
McGough;S
Rothschild;C
Coleff;S
Walker;S
Lemore;S
Ryan;Q
Angle;S
Pavlovic;S
Perreault;S
Vovk;S
Lahoud;C
Hippach;C
Kassem;C
Farrell;Q
Ridsdale;S
Farthing;S
Salonen;S
Hocking;S
Quick;S
Toufik;C
Elias;C
Peter;C
Cacic;S
Hart;S
Butt;S
LeRoy;C
Risien;S
Frolicher;C
Crosby;S
Andersson;S
Andersson;S
Beane;S
Douglas;C
Nicholson;S
Beane;S
Padro_y_Manent;C
Goldsmith;S
Davies;S
Thayer;C
Sharp;S
O'Brien;Q
Leeni;C
Ohman;S
Wright;S
Duff_Gordon;C
Robbins;C
Taussig;S
de_Messemaeker;S
Morrow;Q
Sivic;S
Norman;S
Simmons;S
Meanwell;S
Davies;S
Stoytcheff;S
Palsson;S
Doharr;C
Jonsson;S
Harris;S
Appleton;S
Flynn;S
Kelly;Q
Rush;S
Patchett;S
Garside;S
Silvey;S
Caram;C
Jussila;S
Christy;S
Thayer;C
Downton;S
Ross;C
Paulner;C
Taussig;S
Jarvis;S
Frolicher-Stehli;C
Gilinski;S
Murdlin;S
Rintamaki;S
Stephenson;C
Elsbury;S
Bourke;Q
Chapman;S
Van_Impe;S
Leitch;S
Johnson;S
Boulos;C
Duff_Gordon;C
Jacobsohn;S
Slabenoff;S
Harrington;S
Torber;S
Homer;C
Lindell;S
Karaic;S
Daniel;S
Laroche;C
Shutes;S
Andersson;S
Jardin;S
Murphy;Q
Horgan;Q
Brocklebank;S
Herman;S
Danbom;S
Lobb;S
Becker;S
Gavey;S
Yasbeck;C
Kimball;S
Nakid;C
Hansen;S
Bowen;S
Sutton;S
Kirkland;Q
Longley;S
Bostandyeff;S
O'Connell;Q
Barkworth;S
Lundahl;S
Stahelin-Maeglin;C
Parr;S
Skoog;S
Davis;S
Leinonen;S
Collyer;S
Panula;S
Thorneycroft;S
Jensen;S
Sagesser;C
Skoog;S
Foo;S
Baclini;C
Harper;C
Cor;S
Simonius-Blumer;C
Willey;S
Stanley;S
Mitkoff;S
Doling;S
Kalvik;S
O'Leary;Q
Hegarty;Q
Hickman;S
Radeff;S
Bourke;Q
Eitemiller;S
Newell;C
Frauenthal;S
Badt;C
Colley;S
Coleff;S
Lindqvist;S
Hickman;S
Butler;S
Rommetvedt;S
Cook;S
Taylor;S
Brown;S
Davidson;S
Mitchell;S
Wilhelms;S
Watson;S
Edvardsson;S
Sawyer;S
Turja;S
Goodwin;S
Cardeza;C
Peters;Q
Hassab;C
Olsvigen;S
Goodwin;S
Brown;S
Laroche;C
Panula;S
Dakic;S
Fischer;S
Madill;S
Dick;S
Karun;C
Lam;S
Saad;C
Weir;S
Chapman;S
Kelly;S
Mullens;Q
Thayer;C
Humblen;S
Astor;C
Silverthorne;S
Barbara;C
Gallagher;Q
Hansen;S
Morley;S
Kelly;S
Calderhead;S
Cleaver;S
Moubarek;C
Mayne;C
Klaber;S
Taylor;S
Larsson;S
Greenberg;S
Soholt;S
Endres;C
Troutt;S
McEvoy;Q
Johnson;S
Harper;S
Jensen;S
Gillespie;S
Hodges;S
Chambers;S
Oreskovic;S
Renouf;S
Mannion;Q
Bryhl;S
Ilmakangas;S
Allen;S
Hassan;C
Knight;S
Berriman;S
Troupiansky;S
Williams;S
Ford;S
Lesurer;C
Ivanoff;S
Nankoff;S
Hawksford;S
Cavendish;S
Ryerson;C
McNamee;S
Stranden;S
Crosby;S
Abbott;S
Sinkkonen;S
Marvin;S
Connaghton;Q
Wells;S
Moor;S
Vande_Velde;S
Jonkoff;S
Herman;S
Hamalainen;S
Carlsson;S
Bailey;S
Theobald;S
Rothes;S
Garfirth;S
Nirva;S
Barah;C
Carter;S
Eklund;S
Hogeboom;S
Brewe;C
Mangan;Q
Moran;Q
Gronnestad;S
Lievens;S
Jensen;S
Mack;S
Elias;C
Hocking;S
Myhrman;S
Tobin;Q
Emanuel;S
Kilgannon;Q
Robert;S
Ayoub;C
Dick;S
Long;S
Johnston;S
Ali;S
Harmer;S
Sjoblom;S
Rice;Q
Dean;S
Guggenheim;C
Keane;Q
Gaskell;S
Sage;S
Hoyt;C
Dantcheff;S
Otter;S
Leader;S
Osman;S
Ibrahim_Shawah;C
Van_Impe;S
Ponesell;S
Collyer;S
Carter;S
Thomas;C
Hedman;S
Johansson;S
Andrews;S
Pettersson;S
Meyer;S
Chambers;S
Alexander;S
Lester;S
Slemen;S
Andersson;S
Tomlin;S
Fry;S
Heininen;S
Mallet;C
Holm;S
Skoog;S
Hays;S
Lulic;S
Reuchlin;S
Moor;S
Panula;S
Flynn;Q
Lam;S
Mallet;C
McCormack;Q
Stone;
Yasbeck;C
Richards;S
Saad;C
Augustsson;S
Allum;S
Compton;C
Pasic;S
Sirota;S
Chip;S
Marechal;C
Alhomaki;S
Mudd;S
Serepeca;C
Lemberopolous;C
Culumovic;S
Abbing;S
Sage;S
Markoff;C
Harper;S
Goldenberg;C
Andersson;S
Svensson;S
Boulos;C
Lines;S
Carter;S
Aks;S
Wick;S
Daly;S
Baclini;C
Razi;C
Hansen;S
Giles;S
Swift;S
Sage;S
Gill;S
Bystrom;S
Duran_y_More;C
Roebling;S
van_Melkebeke;S
Johnson;S
Balkic;S
Beckwith;S
Carlsson;S
Vander_Cruyssen;S
Abelson;C
Najib;C
Gustafsson;S
Petroff;S
Laleff;S
Potter;C
Shelley;S
Markun;S
Dahlberg;S
Banfield;S
Sutehall;S
Rice;Q
Montvila;S
Graham;S
Johnston;S
Behr;C
Dooley;Q
